GeneID,miRNA,Mutated_miRNA,Mutated_Binding_Energy
ENSG00000087088,0,0,0
ENSG00000015475,hsa-miR-34a-5p,UGUUGGUCGAUUCUGUGACGGA,-3.9082708
ENSG00000015475,hsa-miR-34a-5p,UGUUGGUCGAUUCUGUGACGGC,-3.5123625
ENSG00000015475,hsa-miR-34a-5p,UGUUGGUCGAUUCUGUGACGGG,-3.611947
ENSG00000015475,hsa-miR-34a-5p,UGUUGGUCGAUUCUGUGACGAU,-3.886829
ENSG00000015475,hsa-miR-34a-5p,UGUUGGUCGAUUCUGUGACGCU,-4.3137646
ENSG00000015475,hsa-miR-34a-5p,UGUUGGUCGAUUCUGUGACGUU,-3.4689696
ENSG00000015475,hsa-miR-34a-5p,UGUUGGUCGAUUCUGUGACAGU,-3.4952881
ENSG00000015475,hsa-miR-34a-5p,UGUUGGUCGAUUCUGUGACCGU,-3.5607598
ENSG00000015475,hsa-miR-34a-5p,UGUUGGUCGAUUCUGUGACUGU,-4.150314
ENSG00000015475,hsa-miR-34a-5p,UGUUGGUCGAUUCUGUGAAGGU,-3.6884296
ENSG00000015475,hsa-miR-34a-5p,UGUUGGUCGAUUCUGUGAGGGU,-3.9707468
ENSG00000015475,hsa-miR-34a-5p,UGUUGGUCGAUUCUGUGAUGGU,-4.611787
ENSG00000015475,hsa-miR-34a-5p,UGUUGGUCGAUUCUGUGCCGGU,-4.590069
ENSG00000015475,hsa-miR-34a-5p,UGUUGGUCGAUUCUGUGGCGGU,-3.7168562
ENSG00000015475,hsa-miR-34a-5p,UGUUGGUCGAUUCUGUGUCGGU,-3.4741514
ENSG00000015475,hsa-miR-34a-5p,UGUUGGUCGAUUCUGUAACGGU,-4.186932
ENSG00000015475,hsa-miR-34a-5p,UGUUGGUCGAUUCUGUCACGGU,-3.0491118
ENSG00000015475,hsa-miR-34a-5p,UGUUGGUCGAUUCUGUUACGGU,-3.9227953
ENSG00000015475,hsa-miR-34a-5p,UGUUGGUCGAUUCUGAGACGGU,-4.347831
ENSG00000015475,hsa-miR-34a-5p,UGUUGGUCGAUUCUGCGACGGU,-4.8452315
ENSG00000015475,hsa-miR-34a-5p,UGUUGGUCGAUUCUGGGACGGU,-4.229918
ENSG00000015475,hsa-miR-34a-5p,UGUUGGUCGAUUCUAUGACGGU,-4.38122
ENSG00000015475,hsa-miR-34a-5p,UGUUGGUCGAUUCUCUGACGGU,-4.9633045
ENSG00000015475,hsa-miR-34a-5p,UGUUGGUCGAUUCUUUGACGGU,-3.838275
ENSG00000015475,hsa-miR-34a-5p,UGUUGGUCGAUUCAGUGACGGU,-3.9484577
ENSG00000015475,hsa-miR-34a-5p,UGUUGGUCGAUUCCGUGACGGU,-3.040359
ENSG00000015475,hsa-miR-34a-5p,UGUUGGUCGAUUCGGUGACGGU,-4.684672
ENSG00000015475,hsa-miR-34a-5p,UGUUGGUCGAUUAUGUGACGGU,-3.0868483
ENSG00000015475,hsa-miR-34a-5p,UGUUGGUCGAUUGUGUGACGGU,-4.543479
ENSG00000015475,hsa-miR-34a-5p,UGUUGGUCGAUUUUGUGACGGU,-2.5782986
ENSG00000015475,hsa-miR-34a-5p,UGUUGGUCGAUACUGUGACGGU,-3.2036629
ENSG00000015475,hsa-miR-34a-5p,UGUUGGUCGAUCCUGUGACGGU,-3.3855743
ENSG00000015475,hsa-miR-34a-5p,UGUUGGUCGAUGCUGUGACGGU,-3.4324715
ENSG00000015475,hsa-miR-34a-5p,UGUUGGUCGAAUCUGUGACGGU,-3.2385461
ENSG00000015475,hsa-miR-34a-5p,UGUUGGUCGACUCUGUGACGGU,-3.301736
ENSG00000015475,hsa-miR-34a-5p,UGUUGGUCGAGUCUGUGACGGU,-3.3366094
ENSG00000015475,hsa-miR-34a-5p,UGUUGGUCGCUUCUGUGACGGU,-2.4643226
ENSG00000015475,hsa-miR-34a-5p,UGUUGGUCGGUUCUGUGACGGU,-2.7037559
ENSG00000015475,hsa-miR-34a-5p,UGUUGGUCGUUUCUGUGACGGU,-3.4345984
ENSG00000015475,hsa-miR-34a-5p,UGUUGGUCAAUUCUGUGACGGU,-2.8975904
ENSG00000015475,hsa-miR-34a-5p,UGUUGGUCCAUUCUGUGACGGU,-2.8201485
ENSG00000015475,hsa-miR-34a-5p,UGUUGGUCUAUUCUGUGACGGU,-2.702042
ENSG00000015475,hsa-miR-34a-5p,UGUUGGUAGAUUCUGUGACGGU,-3.2896295
ENSG00000015475,hsa-miR-34a-5p,UGUUGGUGGAUUCUGUGACGGU,-2.708408
ENSG00000015475,hsa-miR-34a-5p,UGUUGGUUGAUUCUGUGACGGU,-3.8084033
ENSG00000015475,hsa-miR-34a-5p,UGUUGGACGAUUCUGUGACGGU,-4.0911436
ENSG00000015475,hsa-miR-34a-5p,UGUUGGCCGAUUCUGUGACGGU,-3.0915866
ENSG00000015475,hsa-miR-34a-5p,UGUUGGGCGAUUCUGUGACGGU,-3.2991798
ENSG00000015475,hsa-miR-34a-5p,UGUUGGUCGAUUCUGUGACGGA,-3.6342213
ENSG00000015475,hsa-miR-34a-5p,UGUUGGUCGAUUCUGUGACGGC,-3.238313
ENSG00000015475,hsa-miR-34a-5p,UGUUGGUCGAUUCUGUGACGGG,-3.3378973
ENSG00000015475,hsa-miR-34a-5p,UGUUGGUCGAUUCUGUGACGAU,-3.6127794
ENSG00000015475,hsa-miR-34a-5p,UGUUGGUCGAUUCUGUGACGCU,-4.0397143
ENSG00000015475,hsa-miR-34a-5p,UGUUGGUCGAUUCUGUGACGUU,-3.19492
ENSG00000015475,hsa-miR-34a-5p,UGUUGGUCGAUUCUGUGACAGU,-3.2212386
ENSG00000015475,hsa-miR-34a-5p,UGUUGGUCGAUUCUGUGACCGU,-3.2867103
ENSG00000015475,hsa-miR-34a-5p,UGUUGGUCGAUUCUGUGACUGU,-3.8762643
ENSG00000015475,hsa-miR-34a-5p,UGUUGGUCGAUUCUGUGAAGGU,-3.4143798
ENSG00000015475,hsa-miR-34a-5p,UGUUGGUCGAUUCUGUGAGGGU,-3.6966972
ENSG00000015475,hsa-miR-34a-5p,UGUUGGUCGAUUCUGUGAUGGU,-4.3377366
ENSG00000015475,hsa-miR-34a-5p,UGUUGGUCGAUUCUGUGCCGGU,-4.3160186
ENSG00000015475,hsa-miR-34a-5p,UGUUGGUCGAUUCUGUGGCGGU,-3.4428065
ENSG00000015475,hsa-miR-34a-5p,UGUUGGUCGAUUCUGUGUCGGU,-3.200102
ENSG00000015475,hsa-miR-34a-5p,UGUUGGUCGAUUCUGUAACGGU,-3.9128823
ENSG00000015475,hsa-miR-34a-5p,UGUUGGUCGAUUCUGUCACGGU,-2.7750614
ENSG00000015475,hsa-miR-34a-5p,UGUUGGUCGAUUCUGUUACGGU,-3.6487458
ENSG00000015475,hsa-miR-34a-5p,UGUUGGUCGAUUCUGAGACGGU,-4.073781
ENSG00000015475,hsa-miR-34a-5p,UGUUGGUCGAUUCUGCGACGGU,-4.5711813
ENSG00000015475,hsa-miR-34a-5p,UGUUGGUCGAUUCUGGGACGGU,-3.9558682
ENSG00000015475,hsa-miR-34a-5p,UGUUGGUCGAUUCUAUGACGGU,-4.1071696
ENSG00000015475,hsa-miR-34a-5p,UGUUGGUCGAUUCUCUGACGGU,-4.6892543
ENSG00000015475,hsa-miR-34a-5p,UGUUGGUCGAUUCUUUGACGGU,-3.5642252
ENSG00000015475,hsa-miR-34a-5p,UGUUGGUCGAUUCAGUGACGGU,-3.6744082
ENSG00000015475,hsa-miR-34a-5p,UGUUGGUCGAUUCCGUGACGGU,-2.7663083
ENSG00000015475,hsa-miR-34a-5p,UGUUGGUCGAUUCGGUGACGGU,-4.410621
ENSG00000015475,hsa-miR-34a-5p,UGUUGGUCGAUUAUGUGACGGU,-2.812798
ENSG00000015475,hsa-miR-34a-5p,UGUUGGUCGAUUGUGUGACGGU,-4.2694287
ENSG00000015475,hsa-miR-34a-5p,UGUUGGUCGAUUUUGUGACGGU,-2.3042493
ENSG00000015475,hsa-miR-34a-5p,UGUUGGUCGAUACUGUGACGGU,-2.9296124
ENSG00000015475,hsa-miR-34a-5p,UGUUGGUCGAUCCUGUGACGGU,-3.1115248
ENSG00000015475,hsa-miR-34a-5p,UGUUGGUCGAUGCUGUGACGGU,-3.1584218
ENSG00000015475,hsa-miR-34a-5p,UGUUGGUCGAAUCUGUGACGGU,-2.9644964
ENSG00000015475,hsa-miR-34a-5p,UGUUGGUCGACUCUGUGACGGU,-3.027686
ENSG00000015475,hsa-miR-34a-5p,UGUUGGUCGAGUCUGUGACGGU,-3.0625596
ENSG00000015475,hsa-miR-34a-5p,UGUUGGUCGCUUCUGUGACGGU,-2.1902733
ENSG00000015475,hsa-miR-34a-5p,UGUUGGUCGGUUCUGUGACGGU,-2.4297051
ENSG00000015475,hsa-miR-34a-5p,UGUUGGUCGUUUCUGUGACGGU,-3.160549
ENSG00000015475,hsa-miR-34a-5p,UGUUGGUCAAUUCUGUGACGGU,-2.62354
ENSG00000015475,hsa-miR-34a-5p,UGUUGGUCCAUUCUGUGACGGU,-2.5460987
ENSG00000015475,hsa-miR-34a-5p,UGUUGGUCUAUUCUGUGACGGU,-2.4279914
ENSG00000015475,hsa-miR-34a-5p,UGUUGGUAGAUUCUGUGACGGU,-3.01558
ENSG00000015475,hsa-miR-34a-5p,UGUUGGUGGAUUCUGUGACGGU,-2.4343581
ENSG00000015475,hsa-miR-34a-5p,UGUUGGUUGAUUCUGUGACGGU,-3.5343535
ENSG00000015475,hsa-miR-34a-5p,UGUUGGACGAUUCUGUGACGGU,-3.817094
ENSG00000015475,hsa-miR-34a-5p,UGUUGGCCGAUUCUGUGACGGU,-2.8175366
ENSG00000015475,hsa-miR-34a-5p,UGUUGGGCGAUUCUGUGACGGU,-3.0251298
